"Title","PubDate"
"Boost your productivity with GitHub Copilot in JetBrains IDEs, Introducing @project context, AI-generated commit messages, and other updates","2/19/2025 7:03:11 PM"
"Announcing the General Availability of GitHub Copilot Extensions","2/19/2025 12:56:44 PM"
"New GPT-4o Copilot code completion model now available for Copilot in JetBrains IDEs","2/19/2025 12:41:16 PM"
"New GPT-4o Copilot code completion model available now in public preview for Copilot in VS Code","2/18/2025 12:48:23 PM"
"Code completion in GitHub Copilot for Xcode is now generally available","2/14/2025 9:32:47 PM"
"Personal custom instructions, Bing web search, and more in Copilot on github.com","2/14/2025 3:42:28 PM"
"Copilot Workspace: Follow ups and file search improvements","2/14/2025 3:20:57 PM"
"GitHub Copilot Chat for Xcode now in public preview","2/13/2025 12:13:32 PM"
"GitHub Copilot code completions now in public preview for Eclipse","2/13/2025 12:12:20 PM"
"GitHub Copilot in Visual Studio 2022 Version 17.13","2/12/2025 7:19:45 PM"
